year_month,year,month,zabol_aod,wwte_index,toward_pixel_count,source_valid_pixel_count,source_aod_mean,source_aod_toward_mean,mean_dist_decay,mean_cosang_toward,high_toward_aod_mean,high_toward_fraction,wwte_index_norm
2000-03,2000,03,0.26328739523887634,0.009931652806699276,63702,144116,0.23997153341770172,0.24193228781223297,0.16942422929279455,0.6096569895744324,0.41644924879074097,0.2515776584722615,0.4360352662696809
2000-04,2000,04,0.17356956005096436,0.007904198952019215,80691,169737,0.257793664932251,0.284087210893631,0.14475963968957298,0.5628966689109802,0.570121169090271,0.2511060713090679,0.30944290669970065
2000-05,2000,05,0.142630934715271,0.006488780025392771,82386,172885,0.25216761231422424,0.23151111602783203,0.14495347459792432,0.5616620182991028,0.47328999638557434,0.250515864345884,0.22106544681915224
2000-06,2000,06,0.173919677734375,0.006792382802814245,82951,175458,0.29759326577186584,0.23900993168354034,0.1461365513485058,0.5617649555206299,0.5370921492576599,0.2500632903762462,0.24002212584642854
2000-07,2000,07,0.5105456113815308,0.009165145456790924,82850,171857,0.3746260404586792,0.3356310725212097,0.14524013967185648,0.5623200535774231,0.6847748756408691,0.2500422450211225,0.38817525020635946
2000-08,2000,08,0.28747186064720154,0.006933537777513266,81855,168573,0.29327207803726196,0.26663416624069214,0.14561180021440295,0.5621882677078247,0.4985842704772949,0.25062610714067557,0.24883571303162721
2000-09,2000,09,0.27738329768180847,0.005330311134457588,85052,178386,0.22766268253326416,0.19860997796058655,0.14462126738955577,0.5618155598640442,0.4070804715156555,0.2507759958613554,0.1487317115514535
2000-10,2000,10,0.13515888154506683,0.004055458586663008,83766,176067,0.1547730267047882,0.15188133716583252,0.14470485374424694,0.5603172779083252,0.30431774258613586,0.25065062197072796,0.06913108746988382
2000-11,2000,11,0.1076701357960701,0.003392663551494479,76202,166090,0.14573268592357635,0.13812901079654694,0.15511223573555077,0.5715649127960205,0.2655229866504669,0.2520012598094538,0.02774677323773941
2000-12,2000,12,0.08889905363321304,0.004977813921868801,54460,131403,0.13018886744976044,0.12509071826934814,0.18026489138759155,0.6246780753135681,0.2247103899717331,0.2506243114212266,0.12672210882710583
2001-01,2001,01,0.14176742732524872,0.005443372763693333,58125,133387,0.14782832562923431,0.13846078515052795,0.1753315954518326,0.6221888065338135,0.26344743371009827,0.2511311827956989,0.1557911760067063
2001-02,2001,02,0.19699101150035858,0.005507774651050568,62102,132959,0.193036749958992,0.170679971575737,0.16258101397728483,0.6143240332603455,0.3085504174232483,0.2525683552864642,0.15981237079863364
2001-03,2001,03,0.20595471560955048,0.004564806818962097,71455,157608,0.18676650524139404,0.15648941695690155,0.16045344621283947,0.5976155400276184,0.2944049835205078,0.25084318802043243,0.10093432403711768
2001-04,2001,04,0.26845473051071167,0.011144141666591167,66155,172090,0.2372492253780365,0.22162334620952606,0.18021900295464088,0.5747871398925781,0.39559176564216614,0.25130375632983143,0.5117419588642955
2001-05,2001,05,0.27822691202163696,0.009228670969605446,84950,173680,0.24950779974460602,0.21684056520462036,0.14489233421063222,0.6738531589508057,0.3848007619380951,0.2512536786344909,0.39214172497544975
2001-06,2001,06,0.9037864208221436,0.00929273758083582,98639,157458,0.30565813183784485,0.2643691301345825,0.1308282289884552,0.5901604294776917,0.5260307788848877,0.2503066738308377,0.3961419854334543
2001-07,2001,07,0.7842027544975281,0.010793502442538738,96315,166835,0.3407677412033081,0.30464136600494385,0.1359093365938832,0.6429312229156494,0.6257561445236206,0.25126927269895655,0.4898483672404365
2001-08,2001,08,0.2438601404428482,0.00862294901162386,93896,171628,0.31608760356903076,0.30538710951805115,0.1248638043699876,0.6434393525123596,0.5606095790863037,0.2503940529948028,0.35432100134850547
2001-09,2001,09,0.20609532296657562,0.008090022020041943,77782,178937,0.22028447687625885,0.19970227777957916,0.1467562650338072,0.6248495578765869,0.3688775599002838,0.25026355712118487,0.32104552867268865
2001-10,2001,10,0.5260475277900696,0.004120564088225365,75315,174267,0.1893875002861023,0.14649666845798492,0.1494976839479504,0.6322034001350403,0.3001643717288971,0.2500697072296355,0.0731962152875852
2001-11,2001,11,0.18792180716991425,0.00389165710657835,65973,162887,0.1534719318151474,0.15409336984157562,0.16030290029543695,0.5360119938850403,0.27610504627227783,0.2513452472981371,0.058903473254593004
2001-12,2001,12,0.13716253638267517,0.004156608134508133,57915,132752,0.14064928889274597,0.1393086165189743,0.1539841546062948,0.5298386216163635,0.2481650859117508,0.25003885003885,0.07544677248613867
2002-01,2002,01,0.15948395431041718,0.00508712325245142,56284,130053,0.15378442406654358,0.1334630399942398,0.1720775441960715,0.6702913641929626,0.24566346406936646,0.25008883519295005,0.13354728319520623
2002-02,2002,02,0.14187289774417877,0.004978626500815153,68733,140426,0.1753288358449936,0.15927323698997498,0.16401442614949188,0.6321740746498108,0.28787314891815186,0.2508256587083352,0.12677284551140477
2002-03,2002,03,0.20437288284301758,0.006407669745385647,76697,157015,0.20267970860004425,0.18339785933494568,0.14495509259932898,0.649177074432373,0.36045002937316895,0.25115715086639634,0.21600099531127617
2002-04,2002,04,0.17413386702537537,0.01265583373606205,66082,168234,0.24166622757911682,0.25255879759788513,0.17349416506776602,0.6499891877174377,0.4302062392234802,0.2514905723192397,0.6061306255043776
2002-05,2002,05,0.24420860409736633,0.006881845183670521,88992,174116,0.23075726628303528,0.19931505620479584,0.1493267427454842,0.6287363171577454,0.36778318881988525,0.251123696512046,0.24560807487269198
2002-06,2002,06,0.29260045289993286,0.0054479059763252735,109059,174529,0.27030327916145325,0.22044070065021515,0.12971523531021528,0.6174622178077698,0.44652244448661804,0.25008481647548575,0.15607422564662052
2002-07,2002,07,0.6431455612182617,0.010380934923887253,93379,175727,0.32349732518196106,0.2830333411693573,0.1368628899440511,0.6566062569618225,0.5496433973312378,0.2503132395934846,0.46408802968825824
2002-08,2002,08,0.7195935845375061,0.011688129976391792,97439,175223,0.3362083435058594,0.3102858364582062,0.1317604628779702,0.623762309551239,0.5811336040496826,0.2505670214185285,0.5457080901067812
2002-09,2002,09,0.2672068178653717,0.00782759115099907,71832,180639,0.24051916599273682,0.223416268825531,0.15155673993895152,0.6070481538772583,0.39663535356521606,0.2506682258603408,0.3046595858511292
2002-10,2002,10,0.23342588543891907,0.004138297867029905,64049,179412,0.18079668283462524,0.16427871584892273,0.14486362511378362,0.5150191783905029,0.3456764221191406,0.25063623163515436,0.0743034961747811
2002-11,2002,11,0.1545802801847458,0.0031457371078431606,71279,167690,0.14261381328105927,0.13774201273918152,0.15431598018288928,0.4545496702194214,0.2611444294452667,0.25001753672189564,0.01232891252052128
2002-12,2002,12,0.25956130027770996,0.009653475135564804,64091,129697,0.17045940458774567,0.1603824496269226,0.15301152694269715,0.6463618874549866,0.2843298316001892,0.2500195035184347,0.41866610756488176
2003-01,2003,01,0.20583173632621765,0.004770893603563309,64769,128921,0.16107071936130524,0.1543109267950058,0.17214319827585792,0.6276023983955383,0.27767711877822876,0.25047476416186754,0.11380219389202718
2003-02,2003,02,0.2363259345293045,0.010898594744503498,65998,127957,0.20708994567394257,0.21777257323265076,0.16700283432444443,0.6597568392753601,0.37912097573280334,0.2504166792933119,0.4964102342085305
2003-03,2003,03,0.26276013255119324,0.01816985197365284,67837,139400,0.2803499400615692,0.295755535364151,0.16247832656855268,0.65926194190979,0.5280486941337585,0.250025797131359,0.9504208680651257
2003-04,2003,04,0.24244235455989838,0.012968582101166248,71785,170898,0.2617913782596588,0.28310149908065796,0.16483673934702806,0.5708410143852234,0.5204576253890991,0.2506094588005851,0.625658346640325
2003-05,2003,05,0.5462598204612732,0.009153211489319801,86148,177460,0.28819358348846436,0.23307763040065765,0.152383743628245,0.6547547578811646,0.47135546803474426,0.25059200445744534,0.3874301042205638
2003-06,2003,06,0.2812878489494324,0.006016255356371403,96913,176994,0.2926080524921417,0.2420172244310379,0.13289732938126536,0.6036720871925354,0.509486198425293,0.2500799686316593,0.1915614397768423
2003-07,2003,07,0.7994703650474548,0.010245604440569878,106453,173227,0.37185773253440857,0.34208980202674866,0.13997868822116247,0.6603147387504578,0.747836709022522,0.250260678421463,0.4556381184040402
2003-08,2003,08,0.34099286794662476,0.009008518420159817,94577,174007,0.3019329011440277,0.2769102156162262,0.12936595553337377,0.6296500563621521,0.5433775782585144,0.25060004017890186,0.3783956016615523
2003-09,2003,09,0.30594420433044434,0.00785326398909092,87362,179578,0.22933140397071838,0.19312463700771332,0.1361128032064154,0.6434966921806335,0.3811025619506836,0.2506009477804995,0.30626257432033815
2003-10,2003,10,0.21954090893268585,0.004794188309460878,60841,180470,0.16508911550045013,0.1529071033000946,0.15680547842075285,0.5349878072738647,0.2929140627384186,0.2506204697490179,0.11525669396770336
2003-11,2003,11,0.15182086825370789,0.003676522057503462,73573,163731,0.14513394236564636,0.13396494090557098,0.16121759624677623,0.5645661950111389,0.274745374917984,0.2500509697851114,0.045470638062942596
2003-12,2003,12,0.27249717712402344,0.006072978023439646,61020,142514,0.17530474066734314,0.1620974987745285,0.1599026370779567,0.5584651827812195,0.3083537518978119,0.25080301540478533,0.19510315109554677
2004-01,2004,01,0.11640536785125732,0.006003356073051691,62524,132702,0.15354406833648682,0.15619884431362152,0.1618144382117543,0.6526650786399841,0.26570364832878113,0.250655748192694,0.19075602035462733
2004-02,2004,02,0.16642646491527557,0.006640119943767786,57359,139655,0.1882191151380539,0.1954929679632187,0.16161023713102232,0.6180811524391174,0.33224695920944214,0.2503181715162398,0.23051497254818282
2004-03,2004,03,0.4447939991950989,0.005504092667251825,65000,157342,0.18936491012573242,0.15627671778202057,0.17054071159322337,0.6035448312759399,0.2858651578426361,0.25083076923076925,0.15958247110651227
2004-04,2004,04,0.29376405477523804,0.012402157299220562,88136,174242,0.22969593107700348,0.2136487066745758,0.14366442308269725,0.636813223361969,0.4032929837703705,0.25027230643550874,0.5902913014019128
2004-05,2004,05,0.1825963258743286,0.009925167076289654,77519,177748,0.28249263763427734,0.2566601037979126,0.16221794415901364,0.6375189423561096,0.4807073771953583,0.2500161250790129,0.43563030321013035
2004-06,2004,06,0.43755269050598145,0.00770914601162076,97227,177183,0.28031620383262634,0.23068687319755554,0.13075920038602637,0.6148675680160522,0.46236881613731384,0.250105423390622,0.2972639799590969
2004-07,2004,07,0.4027886986732483,0.008820798248052597,109514,175549,0.3013090193271637,0.26217779517173767,0.12317146825690783,0.6624845266342163,0.528190016746521,0.2503880782365725,0.3666745262491179
2004-08,2004,08,0.7104541063308716,0.010375341400504112,95053,175450,0.28786754608154297,0.2680545449256897,0.13486407410217865,0.6649175882339478,0.5571888089179993,0.25057599444520423,0.46373877521731327
2004-09,2004,09,0.31909099221229553,0.007447004318237305,81362,180955,0.21080811321735382,0.18205128610134125,0.13901556345663005,0.572408139705658,0.37213560938835144,0.2501290528748064,0.28089609300054585
2004-10,2004,10,0.21945302188396454,0.004477628041058779,77421,181531,0.1859840750694275,0.1493450403213501,0.1498076706371392,0.5651552081108093,0.32111430168151855,0.25017760039265835,0.09549096108523936
2004-11,2004,11,0.2057262361049652,0.005060830619186163,78383,166441,0.14690330624580383,0.14654843509197235,0.1466264433622641,0.5683022141456604,0.2775861322879791,0.2505900514142097,0.1319055952837039
2004-12,2004,12,0.19491705298423767,0.00571962958201766,64149,135571,0.15688325464725494,0.1447712481021881,0.1781279712800927,0.6262720823287964,0.2635475695133209,0.25021434472867854,0.17304039842340624
2005-01,2005,01,0.17087316513061523,0.008468453772366047,64263,129971,0.16581390798091888,0.16845811903476715,0.1636166486251839,0.6630555987358093,0.3036046028137207,0.25005057342483233,0.3446744602768906
2005-02,2005,02,0.24623875319957733,0.01231288630515337,69682,129505,0.18567384779453278,0.18609848618507385,0.15921170389372757,0.6812282204627991,0.2964743971824646,0.25009328090468125,0.5847173023912635
2005-03,2005,03,0.09142998605966568,0.007324226200580597,68925,148699,0.18235386908054352,0.17737339437007904,0.16112541664693597,0.6298369765281677,0.3211440443992615,0.2506057308668843,0.2732299399180255
2005-04,2005,04,0.13739103078842163,0.011073881760239601,62663,174255,0.2441103309392929,0.24759411811828613,0.1801832762097924,0.5713017582893372,0.4449443519115448,0.2500518647367665,0.5073549947379953
2005-05,2005,05,0.16844770312309265,0.008962061256170273,88978,177958,0.24314548075199127,0.23795293271541595,0.1621851254760264,0.728381872177124,0.44332921504974365,0.2507136595562948,0.3754948589419139
2005-06,2005,06,0.0896548181772232,0.006643354892730713,103272,177087,0.2668147683143616,0.23494485020637512,0.12601020526887752,0.5864291191101074,0.49098527431488037,0.2503292276706174,0.2307169597950738
2005-07,2005,07,0.11491141468286514,0.010761459358036518,111498,174914,0.3379925489425659,0.31366270780563354,0.12595863572652852,0.6392297744750977,0.6712721586227417,0.25005829700981186,0.4878476264266948
2005-08,2005,08,0.12419150769710541,0.010781162418425083,96013,176527,0.2857189178466797,0.2788991332054138,0.13315812977875313,0.6626551747322083,0.5882357954978943,0.25010154874860696,0.4890778674502233
2005-09,2005,09,0.12623031437397003,0.007487812079489231,81043,180121,0.20986847579479218,0.19522158801555634,0.14462813234596883,0.6362427473068237,0.38215717673301697,0.25011413693964935,0.2834440921935854
2005-10,2005,10,0.14464989304542542,0.007359681185334921,65253,180789,0.17402300238609314,0.16790828108787537,0.1640723088290139,0.5403549075126648,0.30525657534599304,0.2502107182811518,0.2754437166548952
2005-11,2005,11,0.12598425149917603,0.005845149978995323,62261,170177,0.14446614682674408,0.1485506147146225,0.1571339238242017,0.5273997783660889,0.2659514546394348,0.2501244759962095,0.1808777769121366
2005-12,2005,12,0.10137796401977539,0.0033318428322672844,53185,145207,0.14538544416427612,0.14751067757606506,0.17054767281384905,0.5682690143585205,0.27253878116607666,0.25052176365516593,0.023949183300024723
2006-01,2006,01,0.20435528457164764,0.00786901917308569,61901,123154,0.17085464298725128,0.16994497179985046,0.16530605022522601,0.6019384264945984,0.29548609256744385,0.2504806061291417,0.3072463135619259
2006-02,2006,02,0.13027364015579224,0.006873781327158213,68421,132521,0.19419214129447937,0.208352193236351,0.1576174511498612,0.5268739461898804,0.33303412795066833,0.25012788471375746,0.24510457506638547
2006-03,2006,03,0.20119164884090424,0.009545444510877132,60970,159392,0.21282562613487244,0.23305660486221313,0.1784007981107016,0.6071358323097229,0.42426803708076477,0.2502050188617353,0.41192077442032576
2006-04,2006,04,0.15046752989292145,0.014417506754398346,70082,172940,0.23487038910388947,0.23909179866313934,0.15931037015404856,0.6548274159431458,0.43886467814445496,0.2500642104962758,0.7161278733663533
2006-05,2006,05,0.2735868990421295,0.009007163345813751,87458,178534,0.25036048889160156,0.2275732457637787,0.1519201723800582,0.6171563267707825,0.3878679573535919,0.25061172219808364,0.37831099206194774
2006-06,2006,06,0.17336894571781158,0.008926109410822392,86024,179079,0.2978844940662384,0.2694540023803711,0.1398137837381942,0.637351930141449,0.5024546384811401,0.25017436994327164,0.37325005868518923
2006-07,2006,07,0.6277770400047302,0.01262229960411787,108374,175230,0.3606594204902649,0.31922394037246704,0.12537500056530318,0.6128507852554321,0.716423749923706,0.25003229556904794,0.6040367850556071
2006-08,2006,08,0.34311723709106445,0.012693365104496479,95516,174366,0.3054742217063904,0.3000026047229767,0.13524843968984152,0.6184960603713989,0.5477437973022461,0.250020938900289,0.6084740497342496
2006-09,2006,09,0.3240649700164795,0.0073018865659832954,89993,180436,0.2151486575603485,0.19330492615699768,0.1327446475882196,0.5959390997886658,0.37092018127441406,0.2504750369473181,0.27183507361856546
2006-10,2006,10,0.1995922476053238,0.004998999647796154,73605,178613,0.17664265632629395,0.1581202894449234,0.14456983885951344,0.47594544291496277,0.3064035475254059,0.2503362543305482,0.12804492612731497
2006-11,2006,11,0.1202545017004013,0.005241535138338804,75219,163489,0.15224626660346985,0.14564351737499237,0.1665466727073895,0.5944364070892334,0.2795833945274353,0.2508541724830163,0.1431886197588042
2006-12,2006,12,0.11575505882501602,0.006900282576680183,64046,131719,0.18170945346355438,0.17697925865650177,0.16167657547169245,0.6216179728507996,0.3260193169116974,0.25014833088717486,0.24675928878566195
2007-01,2007,01,0.16901011765003204,0.002948282053694129,59398,132946,0.17675292491912842,0.16634340584278107,0.15847140364496143,0.6012336611747742,0.3165223002433777,0.2501936092124314,0.0
2007-02,2007,02,0.1331552118062973,0.012562857009470463,74922,138174,0.19415241479873657,0.20061880350112915,0.16029793109898877,0.6313307285308838,0.3624269962310791,0.2506339926857265,0.6003252439529541
2007-03,2007,03,0.18887090682983398,0.01804891787469387,72277,156992,0.23128144443035126,0.25821882486343384,0.16656526518339307,0.6988282203674316,0.4408853054046631,0.25049462484607826,0.9428698538191806
2007-04,2007,04,0.09392575174570084,0.012407587841153145,76626,168090,0.2597188651561737,0.2821881175041199,0.1414620973195233,0.6272853016853333,0.561556339263916,0.25045023882233186,0.5906303794605341
2007-05,2007,05,0.0949275866150856,0.007701865863054991,78041,179095,0.2572275400161743,0.2505105435848236,0.15358560197474905,0.6056488752365112,0.4850115478038788,0.2501761894388847,0.2968094141583349
2007-06,2007,06,0.08700084686279297,0.008395307697355747,109909,177888,0.30087438225746155,0.2851468622684479,0.1305167404642237,0.591407060623169,0.6269395351409912,0.250015922262963,0.34010728642607174
2007-07,2007,07,0.08476869761943817,0.00895470567047596,109291,173278,0.32530471682548523,0.2774358093738556,0.12265636061520663,0.6319053769111633,0.5774260759353638,0.2502035849246507,0.37503558291601924
2007-08,2007,08,0.09165845811367035,0.00998614076524973,89191,174708,0.27493536472320557,0.2708846926689148,0.13612964652722973,0.6640079617500305,0.5156391859054565,0.25023825273850503,0.43943744443769733
2007-09,2007,09,0.10310039669275284,0.008305949158966541,78455,180340,0.23891401290893555,0.21428680419921875,0.13297169459603944,0.6233014464378357,0.42042723298072815,0.2501051558218087,0.3345278212282316
2007-10,2007,10,0.14479050040245056,0.007588354405015707,62115,181204,0.18620184063911438,0.18597181141376495,0.1657883394742794,0.5610788464546204,0.3535829782485962,0.25042260323593335,0.289721862805069
2007-11,2007,11,0.10733618587255478,0.005839842837303877,68833,166976,0.16395224630832672,0.1565008908510208,0.16702432856125063,0.5457887053489685,0.3053985834121704,0.2506501242136766,0.18054640385141735
2007-12,2007,12,0.1309230774641037,0.0067233252339065075,59615,134447,0.17278695106506348,0.17481204867362976,0.1663770365673674,0.6177741885185242,0.3144490718841553,0.25052419693030276,0.23571023456761245
2008-01,2008,01,0.09995429962873459,0.016383206471800804,60282,118494,0.1842835247516632,0.18042543530464172,0.1636868540560157,0.6648318767547607,0.30861109495162964,0.2512026807338841,0.8388643612314686
2008-02,2008,02,0.35654526948928833,0.011633460409939289,55093,131631,0.2591187357902527,0.2492249608039856,0.1782481145062742,0.666236937046051,0.47744378447532654,0.25001361334470806,0.54229457250789
2008-03,2008,03,0.20180681347846985,0.009127084165811539,68311,171418,0.2700779438018799,0.2934753894805908,0.1554259767318697,0.5549277067184448,0.5562300682067871,0.2502378826250531,0.38579873809870396
2008-04,2008,04,0.1307649165391922,0.01590263843536377,76933,176260,0.3267413079738617,0.3411334753036499,0.17426818882581732,0.5542853474617004,0.6432939767837524,0.25007474035849375,0.8088581337032585
2008-05,2008,05,0.1446850448846817,0.013397657312452793,91841,177688,0.27608591318130493,0.25536447763442993,0.15595092159404497,0.6837167739868164,0.4833345413208008,0.25043281323156324,0.6524494093835622
2008-06,2008,06,0.5526574850082397,0.01248584408313036,108339,179195,0.3925922214984894,0.30780085921287537,0.1346338141566727,0.6263591051101685,0.7342196106910706,0.25014076186784073,0.5955166274508926
2008-07,2008,07,0.4968011677265167,0.0127952229231596,112353,176129,0.39516890048980713,0.33643481135368347,0.1253468003462844,0.6662001013755798,0.7520443201065063,0.2501223821348785,0.6148339585309163
2008-08,2008,08,0.47562217712402344,0.015586868859827518,99700,176655,0.3351918160915375,0.31430792808532715,0.128237608395313,0.6006456017494202,0.5857403874397278,0.25004012036108325,0.7891417709582957
2008-09,2008,09,0.2976834774017334,0.010755589231848717,79386,179946,0.2971981167793274,0.2694442868232727,0.14462019889762276,0.6269304156303406,0.49413639307022095,0.25042198876376187,0.4874811011302636
2008-10,2008,10,0.20221106708049774,0.00701864343136549,80680,180973,0.20275866985321045,0.19766607880592346,0.14900939916844194,0.5370376110076904,0.3805740177631378,0.25034705007436786,0.25414963201874974
2008-11,2008,11,0.1387619525194168,0.004313552286475897,62164,173950,0.15918999910354614,0.1677744835615158,0.15026532828956213,0.4735150933265686,0.3317365348339081,0.25069171867962164,0.08524622142178116
2008-12,2008,12,0.14948327839374542,0.005813655909150839,65580,149986,0.15202270448207855,0.1652786284685135,0.1792355384723463,0.5844566226005554,0.2913898527622223,0.2500457456541629,0.17891131607019345
2009-01,2009,01,0.14101167023181915,0.008342928253114223,64503,126547,0.1837652176618576,0.18868108093738556,0.17149961575147066,0.6089857816696167,0.324929803609848,0.25118211556051656,0.3368367619580586
2009-02,2009,02,0.22542884945869446,0.01714886724948883,61201,136217,0.2629643976688385,0.3064800798892975,0.16884486720980432,0.6256428956985474,0.5705609917640686,0.2500612735086028,0.886671518101635
2009-03,2009,03,0.22632522881031036,0.015843115746974945,74959,160388,0.2709226608276367,0.30866676568984985,0.16286878363276472,0.6137457489967346,0.5969031453132629,0.25023012580210513,0.8051415916208351
2009-04,2009,04,0.18637515604496002,0.0177804846316576,84563,173531,0.29979169368743896,0.3178882300853729,0.14784286787570844,0.6776425838470459,0.5990157723426819,0.2501803389189125,0.9261091282694759
2009-05,2009,05,0.1538272351026535,0.010599478147923946,82602,177409,0.2909305691719055,0.2559758126735687,0.14429023382780434,0.679332435131073,0.5153217911720276,0.2501755405438125,0.47773366819932644
2009-06,2009,06,0.1257959008216858,0.009298753924667835,77860,178734,0.3189145028591156,0.28825756907463074,0.14456564516965778,0.6698703765869141,0.6018449664115906,0.25010274852298997,0.396517640425513
2009-07,2009,07,0.16470403969287872,0.01179660763591528,108877,176077,0.4193866550922394,0.3815120756626129,0.12627693638210702,0.6192352771759033,0.8332998752593994,0.250052811888645,0.5524813356965677
2009-08,2009,08,0.22233548760414124,0.01007259450852871,105369,175758,0.3332705497741699,0.2877882122993469,0.13206086264648478,0.6520944237709045,0.59854656457901,0.25014947470318594,0.44483553689246763
2009-09,2009,09,0.20078741014003754,0.007690167520195246,83754,180072,0.21610596776008606,0.1977047324180603,0.14389253123764562,0.6307796835899353,0.3704189360141754,0.25035222198342766,0.2960789803572127
2009-10,2009,10,0.1940382421016693,0.008711757138371468,58228,181089,0.2052610069513321,0.1910899579524994,0.16493751003511148,0.5062590837478638,0.37649548053741455,0.25063543312495706,0.3598660993481557
2009-11,2009,11,0.16602221131324768,0.007323651574552059,62088,162094,0.1722532957792282,0.17197705805301666,0.16255464490331936,0.6197952032089233,0.30535706877708435,0.2507086715629429,0.27319406079571895
2009-12,2009,12,0.13805891573429108,0.006535629276186228,64044,137347,0.16835597157478333,0.1840219795703888,0.16150289782230176,0.6357404589653015,0.3322167694568634,0.2501405283867341,0.22399067107929474
2010-01,2010,01,0.1621379554271698,0.006048322189599276,56790,133205,0.17725259065628052,0.18308298289775848,0.16921848127806888,0.6019977927207947,0.33814066648483276,0.2510125022010917,0.1935636634392369
2010-02,2010,02,0.2977010905742645,0.01448680367320776,65150,132130,0.22107645869255066,0.24320894479751587,0.16969750284067958,0.6559356451034546,0.4243907332420349,0.2500997697620875,0.7204547094335532
2010-03,2010,03,0.142048642039299,0.012970319017767906,66191,156258,0.24850940704345703,0.23160165548324585,0.16261460304247816,0.5919355154037476,0.4732285737991333,0.25013974709552655,0.6257667981202306
2010-04,2010,04,0.11023622006177902,0.01332147978246212,74953,174960,0.24778050184249878,0.2702067792415619,0.16529713526766815,0.5825905799865723,0.5018002390861511,0.25031686523554764,0.647692954263525
2010-05,2010,05,0.11403261125087738,0.012212380766868591,84564,177463,0.270481139421463,0.2663711607456207,0.16177622392659488,0.6750943660736084,0.5251109600067139,0.2500946029043092,0.5784418287414187
2010-06,2010,06,0.11058775335550308,0.0077783530578017235,85253,178262,0.31470295786857605,0.3026013970375061,0.14740960627285185,0.6256648302078247,0.5873332619667053,0.2501964740243745,0.30158520446178694
2010-07,2010,07,0.24151083827018738,0.010791604407131672,99161,173795,0.37341609597206116,0.371904581785202,0.1407230889723335,0.645467221736908,0.7634096741676331,0.25015883260556065,0.4897298556500626
2010-08,2010,08,0.29270365834236145,0.01209460012614727,94106,174683,0.38065963983535767,0.37606507539749146,0.13741685145171453,0.610752522945404,0.631465494632721,0.2505047499628079,0.5710877135362028
2010-09,2010,09,0.37352365255355835,0.00925501435995102,75995,180545,0.2370738834142685,0.22618798911571503,0.14915090949323326,0.6488455533981323,0.4358021020889282,0.25013487729455885,0.3937865821125043
2010-10,2010,10,0.18111993372440338,0.009105886332690716,54840,178050,0.18666568398475647,0.15785787999629974,0.16981095633101195,0.6144595146179199,0.3272026777267456,0.250492341356674,0.3844751648364365
2010-11,2010,11,0.10705497115850449,0.0038072438910603523,61190,174553,0.1623891443014145,0.15306054055690765,0.16785804224192669,0.4927506446838379,0.31150394678115845,0.25059650269651906,0.0536327894821138
2010-12,2010,12,0.17245499789714813,0.005264104809612036,48493,149597,0.18807187676429749,0.19651925563812256,0.1698399594252138,0.5468855500221252,0.3490069806575775,0.2511290289320108,0.14459784933737235
2011-01,2011,01,0.14522989094257355,0.008999119512736797,60793,138239,0.17206917703151703,0.17308557033538818,0.15708439918050246,0.5977268218994141,0.2929658591747284,0.25104864046847497,0.37780874250058377
2011-02,2011,02,0.10204584151506424,0.015995457768440247,69451,128229,0.21361465752124786,0.22118616104125977,0.1685626075813403,0.6920117139816284,0.3889610469341278,0.2509539099509006,0.8146536877479238
2011-03,2011,03,0.1513500064611435,0.013095146976411343,57811,150717,0.24670590460300446,0.2312575876712799,0.17692298273420465,0.6743715405464172,0.5075390338897705,0.2501254086592517,0.6335609413943176
2011-04,2011,04,0.08754569292068481,0.011762440204620361,74983,171674,0.29230278730392456,0.3414576053619385,0.15920751687149398,0.6231954097747803,0.6823263764381409,0.2500966885827454,0.5503479526170542
2011-05,2011,05,0.12157268822193146,0.010581614449620247,87269,176907,0.27946507930755615,0.26872166991233826,0.15847590154292723,0.6795215010643005,0.5383161306381226,0.2503294411532159,0.4766182752577354
2011-06,2011,06,0.15001055598258972,0.011671407148241997,103419,177917,0.3908386826515198,0.31221771240234375,0.12893747695603988,0.6318140029907227,0.6912625432014465,0.2502054748160396,0.5446639320514552
2011-07,2011,07,0.3597264885902405,0.015329652465879917,93450,176536,0.44329118728637695,0.4153190553188324,0.13394177748047606,0.6652272343635559,0.8317091464996338,0.25014446227929377,0.7730814151801629
2011-08,2011,08,0.21126267313957214,0.012868449091911316,107607,174541,0.3236640393733978,0.30551019310951233,0.13155757068338533,0.6754043102264404,0.5885364413261414,0.2502997016922691,0.6194061333615055
2011-09,2011,09,0.14320866763591766,0.0069828759878873825,93552,179013,0.23457473516464233,0.2246835082769394,0.13189492283968504,0.637786328792572,0.42824018001556396,0.25029929878570206,0.25191634564568255
2011-10,2011,10,0.13552798330783844,0.008181172423064709,89038,180928,0.1971217542886734,0.20459268987178802,0.15052009424874827,0.5877658724784851,0.3696184754371643,0.2505447112468834,0.3267368762551605
2011-11,2011,11,0.15322694182395935,0.00805734470486641,80729,152718,0.18688169121742249,0.19117707014083862,0.16977241542594285,0.6202806234359741,0.3432430326938629,0.25054193660270785,0.3190051870772764
2011-12,2011,12,0.21045413613319397,0.005219196900725365,49142,135818,0.20261070132255554,0.2012176811695099,0.16122730404766297,0.5438148975372314,0.3667295277118683,0.25009157136461685,0.1417938406857355
2012-01,2012,01,0.14108197391033173,0.008441873826086521,59987,128582,0.19097863137722015,0.17920243740081787,0.16840661059257786,0.6829912066459656,0.30788853764533997,0.2500541784053211,0.343014832804235
2012-02,2012,02,0.1869727373123169,0.01354390662163496,58599,120519,0.2728995680809021,0.27958810329437256,0.17312122061704738,0.6777397394180298,0.48961973190307617,0.250789262615403,0.661581082142532
2012-03,2012,03,0.4414370059967041,0.016179030761122704,68821,144343,0.3962494432926178,0.4104710519313812,0.16989552609873373,0.6852186918258667,0.756618857383728,0.2502143241161855,0.8261158170799189
2012-04,2012,04,0.10535011440515518,0.01896389201283455,78307,175656,0.2903960049152374,0.33494946360588074,0.17104296172211508,0.5954939126968384,0.6625231504440308,0.250105354566003,1.0
2012-05,2012,05,0.22507734596729279,0.018211957067251205,81614,176878,0.31458425521850586,0.3231184184551239,0.1673014378817938,0.649132251739502,0.6577149033546448,0.25018991839635357,0.9530498715002609
2012-06,2012,06,0.16154035925865173,0.009646992199122906,106496,178995,0.37117770314216614,0.3037342429161072,0.12086133969900709,0.6318292617797852,0.6844012141227722,0.25008451021634615,0.4182613189581139
2012-07,2012,07,0.2173614799976349,0.013695941306650639,99894,175195,0.38335320353507996,0.37519022822380066,0.12774746893232986,0.6570192575454712,0.7270498871803284,0.2500850901956073,0.6710739884635247
2012-08,2012,08,0.34308210015296936,0.012229900807142258,103766,174668,0.34049949049949646,0.31706586480140686,0.128072113111065,0.634898841381073,0.6443684697151184,0.2502361081664514,0.5795357639907388
2012-09,2012,09,0.2234954833984375,0.008685984648764133,94066,180397,0.2392437756061554,0.21474547684192657,0.13341062352156147,0.5943058133125305,0.42349523305892944,0.25046244126464395,0.3582568887296975
2012-10,2012,10,0.18463514745235443,0.007833870127797127,69848,180888,0.1851624846458435,0.18488559126853943,0.15877136593501207,0.4349961280822754,0.36885958909988403,0.2505726720879624,0.3050516394047607
2012-11,2012,11,0.1177762895822525,0.003947075922042131,70980,168202,0.1651107668876648,0.15914686024188995,0.1562344753491727,0.490322083234787,0.3158942461013794,0.25069033530571994,0.062363773274708864
2012-12,2012,12,0.12137936055660248,0.006487186066806316,60190,144635,0.16510194540023804,0.17205281555652618,0.15813222011108077,0.5984083414077759,0.3064482510089874,0.2510882206346569,0.22096592150662772
2013-01,2013,01,0.16331550478935242,0.008063267916440964,63908,130114,0.2048770934343338,0.2066812962293625,0.16040216078425681,0.6225404143333435,0.36526715755462646,0.2505007197846905,0.3193750269765787
2013-02,2013,02,0.1495535671710968,0.007874082773923874,61428,139912,0.20029214024543762,0.20272012054920197,0.1769446960615855,0.5804007649421692,0.34684014320373535,0.25035814286644525,0.30756248015508736
2013-03,2013,03,0.12010303884744644,0.006561084184795618,71901,156429,0.22711139917373657,0.22782370448112488,0.16633676440186385,0.580025851726532,0.4424095153808594,0.25048330343110664,0.2255800522314539
2013-04,2013,04,0.1451244354248047,0.013775301165878773,89456,176309,0.27769437432289124,0.2945817708969116,0.14840457837491974,0.6474992632865906,0.580235481262207,0.2500111786800215,0.6760291453030456
2013-05,2013,05,0.17092588543891907,0.010502145625650883,86585,177803,0.2728400230407715,0.2760128974914551,0.15962473669468294,0.6225737929344177,0.5222670435905457,0.2508171161286597,0.4716563147596896
2013-06,2013,06,0.3833134174346924,0.009593626484274864,92189,177084,0.35190901160240173,0.31755632162094116,0.14851893201378452,0.6180547475814819,0.7004331946372986,0.2501274555532656,0.41492921265781124
2013-07,2013,07,0.22212457656860352,0.011158927343785763,113765,169942,0.36338987946510315,0.3448927700519562,0.12304400911794593,0.6535190343856812,0.7206135988235474,0.2502527139278337,0.51266516299029
2013-08,2013,08,0.24374297261238098,0.010137811303138733,108772,174508,0.3086516261100769,0.3039762079715729,0.12818772908580095,0.6251367330551147,0.5454609990119934,0.2500367741698231,0.44890761374601285
2013-09,2013,09,0.15886880457401276,0.005512464325875044,79449,175217,0.230210080742836,0.20205259323120117,0.14376479137638196,0.6499083042144775,0.38838574290275574,0.2500597867814573,0.16010518979437846
2013-10,2013,10,0.17957326769828796,0.004711546935141087,72564,179674,0.18266567587852478,0.1442224234342575,0.1471627517817505,0.6123223900794983,0.28975337743759155,0.2501791521966816,0.11009664233491326
2013-11,2013,11,0.11767084151506424,0.00412764260545373,62076,173286,0.16274072229862213,0.18856127560138702,0.15823826494983706,0.46649420261383057,0.36989495158195496,0.2506121528448998,0.0736381914125298
2013-12,2013,12,0.2088019996881485,0.005642119329422712,63247,141464,0.1625698059797287,0.1572323441505432,0.167693773769709,0.6174734234809875,0.3023622930049896,0.2502253071291919,0.16820072932602595
2014-01,2014,01,0.1586051881313324,0.006067545618861914,64465,128893,0.18474964797496796,0.18435005843639374,0.1615661482302618,0.6109182834625244,0.35266873240470886,0.250027146513612,0.19476395673507024
2014-02,2014,02,0.1914370208978653,0.010470801964402199,56084,132767,0.20726832747459412,0.19930964708328247,0.1683383713797616,0.5910199880599976,0.3477818965911865,0.2509806718493688,0.4696992452925479
2014-03,2014,03,0.21117480099201202,0.008772549219429493,88060,161581,0.21026770770549774,0.19776730239391327,0.14604528450337637,0.6529749631881714,0.37592631578445435,0.2500113558937088,0.36366190114484787
2014-04,2014,04,0.12531636655330658,0.009421100839972496,66238,174753,0.232779398560524,0.22226367890834808,0.16826574675933006,0.5650972723960876,0.40530744194984436,0.2500830339080286,0.40415686962857156
2014-05,2014,05,0.11208169162273407,0.011648319661617279,82900,177210,0.23290060460567474,0.2088996022939682,0.17324270086151788,0.6735146641731262,0.3645477890968323,0.2508443908323281,0.5432223705571619
2014-06,2014,06,0.10923439264297485,0.00938617903739214,87264,178902,0.28158268332481384,0.2384530007839203,0.13214837776774524,0.6212930083274841,0.4896133542060852,0.2500687568756876,0.4019763842977318
2014-07,2014,07,0.3722229599952698,0.011426862329244614,95037,176340,0.3232506811618805,0.3030758798122406,0.13376051059135743,0.6312251091003418,0.6442561745643616,0.25019729158117365,0.5293947777937483
2014-08,2014,08,0.14580295979976654,0.009986472316086292,93928,176585,0.30222952365875244,0.2855689227581024,0.12867844374443788,0.6066628694534302,0.5443655252456665,0.2503087471254578,0.43945814616790985
2014-09,2014,09,0.14774325489997864,0.007935523986816406,81043,180040,0.2249096930027008,0.21195773780345917,0.14195839510225636,0.6650594472885132,0.3870302140712738,0.25026220648297814,0.3113988131482911
2014-10,2014,10,0.15579304099082947,0.004986603278666735,84341,179001,0.18606756627559662,0.19162817299365997,0.15268673865623406,0.5588950514793396,0.36848029494285583,0.25011560213893597,0.12727090820598413
2014-11,2014,11,0.11498171091079712,0.007183360401540995,69598,165287,0.17003926634788513,0.1790228933095932,0.16204455063082304,0.5961093306541443,0.376449853181839,0.250007184114486,0.2644344085958352
2014-12,2014,12,0.17038103938102722,0.00423683226108551,52712,138722,0.17599047720432281,0.16958381235599518,0.16527352152221053,0.5698416233062744,0.3308505415916443,0.2501707391106389,0.08045589338643831
2015-01,2015,01,0.15233059227466583,0.00665217125788331,64423,136858,0.1977103352546692,0.1826651245355606,0.16565094419631113,0.6639594435691833,0.32856544852256775,0.25014358226099376,0.23126744555085146
2015-02,2015,02,0.18404904007911682,0.012999366037547588,68503,140849,0.21115651726722717,0.23567233979701996,0.16549531499738235,0.6558793783187866,0.38313159346580505,0.250689750813833,0.6275804674000013
2015-03,2015,03,0.08543659001588821,0.008504324592649937,67330,153909,0.23093178868293762,0.23984409868717194,0.18020017094302052,0.60037761926651,0.42222219705581665,0.2500222783306104,0.3469142014029173
2015-04,2015,04,0.4184652268886566,0.012170927599072456,74659,175378,0.34423843026161194,0.32772213220596313,0.15309840919433715,0.6259204149246216,0.7292265892028809,0.25021765627720705,0.5758535309555778
2015-05,2015,05,0.12422666698694229,0.010966315865516663,87575,177354,0.26007992029190063,0.24625544250011444,0.1465874111671087,0.6919037103652954,0.44525831937789917,0.2503339994290608,0.5006386789062933
2015-06,2015,06,0.14925478398799896,0.008784294128417969,92097,177414,0.3330928683280945,0.2764955461025238,0.1355699164046295,0.6281275749206543,0.5762575268745422,0.2504859007350945,0.36439524249234817
2015-07,2015,07,0.14545838534832,0.012156170792877674,114315,176100,0.342681884765625,0.3145157992839813,0.12836707279430332,0.6160202622413635,0.6621636152267456,0.25020338538249576,0.5749321295083378
2015-08,2015,08,0.16820161044597626,0.009164872579276562,88332,176307,0.2935956120491028,0.2696274220943451,0.13442519284084686,0.6675215363502502,0.5086214542388916,0.25056604627994383,0.38815821198458345
2015-09,2015,09,0.16569998860359192,0.008212164044380188,71540,180716,0.267509400844574,0.25018852949142456,0.1540769222004644,0.6155107617378235,0.4834882318973541,0.2501118255521387,0.3286719646716833
2015-10,2015,10,0.18614663183689117,0.004538096487522125,90361,179337,0.21573589742183685,0.2120002657175064,0.14291430782097866,0.5500454306602478,0.45267993211746216,0.2504509688914465,0.09926655543460323
2015-11,2015,11,0.10216886550188065,0.0036649643443524837,74649,156662,0.18157318234443665,0.17278030514717102,0.16261560668767217,0.5447409152984619,0.3750198185443878,0.250385135768731,0.044748985051882476
2015-12,2015,12,0.1534905731678009,0.003624493721872568,64788,142310,0.17350085079669952,0.16408808529376984,0.1597749417942877,0.5994572639465332,0.315228134393692,0.25006173982836327,0.0422220364946208
2016-01,2016,01,0.12327755987644196,0.004755977541208267,62437,134297,0.18378397822380066,0.17007102072238922,0.15940032168780005,0.6036458611488342,0.3133135139942169,0.25006006054102536,0.11287084863617394
2016-02,2016,02,0.6035749316215515,0.004328517243266106,58183,144271,0.19304712116718292,0.1790034919977188,0.15947907086736388,0.6014313697814941,0.3421317934989929,0.25019335544746746,0.08618061960133148
2016-03,2016,03,0.14032621681690216,0.009406189434230328,84378,158429,0.22548246383666992,0.21710436046123505,0.15034771105480277,0.6468609571456909,0.40100979804992676,0.2503377657683282,0.4032258151273561
2016-04,2016,04,0.15178744494915009,0.005887442268431187,87094,174989,0.21624597907066345,0.21396435797214508,0.14683399484645765,0.6095131039619446,0.4018173813819885,0.2502353778675913,0.18351846868371202
2016-05,2016,05,0.151908740401268,0.011407405138015747,83982,173898,0.23982974886894226,0.2265586405992508,0.16453301190788894,0.635678231716156,0.3941105306148529,0.25047033888214143,0.5281798886150966
2016-06,2016,06,0.1146126240491867,0.007705815136432648,90882,173922,0.2905392646789551,0.2742193639278412,0.1346604307468187,0.6352745890617371,0.5326444506645203,0.250280583613917,0.2970560031666669
2016-07,2016,07,0.32388922572135925,0.010495150461792946,105154,169061,0.331470787525177,0.3135204613208771,0.1244786191228248,0.663263201713562,0.6256795525550842,0.25015691271848906,0.47121954314276193
2016-08,2016,08,0.15635547041893005,0.00951236579567194,85213,173527,0.2789609134197235,0.26439982652664185,0.1434073149235327,0.6318426728248596,0.5225365161895752,0.25046647811953576,0.4098553697751337
2016-09,2016,09,0.1482178121805191,0.00489110266789794,89943,179506,0.21503011882305145,0.18590368330478668,0.13840240715964264,0.6544140577316284,0.3750772476196289,0.25005837030119077,0.12130793764086426
2016-10,2016,10,0.15415847301483154,0.007936956360936165,60837,179582,0.1824807971715927,0.1563379019498825,0.1576658537330587,0.6312915086746216,0.28622961044311523,0.25060407317915084,0.3114882492748834
2016-11,2016,11,0.15015114843845367,0.005731196608394384,60546,158867,0.18743102252483368,0.19185306131839752,0.15941956680341357,0.47584378719329834,0.40104350447654724,0.250322069170548,0.17376263294374197
2016-12,2016,12,0.15964213013648987,0.006741178222000599,63264,140673,0.17361992597579956,0.17020153999328613,0.1495385765418969,0.5905506610870361,0.33004727959632874,0.2502212948912494,0.23682495877353646
2017-01,2017,01,0.1276363879442215,0.008919741027057171,64390,129633,0.19386468827724457,0.18754792213439941,0.16743526069873688,0.6532166004180908,0.34217795729637146,0.2500077651809287,0.3728524226425116
2017-02,2017,02,0.15152010321617126,0.008649389259517193,68321,133172,0.2113928198814392,0.21398217976093292,0.16638185769819924,0.6150349974632263,0.3893885314464569,0.250186619048316,0.35597190618202657
2017-03,2017,03,0.17387865483760834,0.011161299422383308,75221,154611,0.24333150684833527,0.2570067346096039,0.15216143117698439,0.6227352619171143,0.4795965254306793,0.2506879727735606,0.5128132734027936
2017-04,2017,04,0.13791678845882416,0.010364082641899586,69548,176239,0.2520136833190918,0.23753030598163605,0.15642191562408161,0.5529912710189819,0.4947725832462311,0.2501437855869328,0.46303578865400097
2017-05,2017,05,0.11085592955350876,0.010282125324010849,85450,177170,0.23505030572414398,0.215314120054245,0.15564024573522306,0.6826838850975037,0.410146027803421,0.2503569338794617,0.4579184488775061
2017-06,2017,06,0.1075993999838829,0.005562473554164171,102338,176885,0.2824384868144989,0.22675898671150208,0.13398664766416804,0.6086481809616089,0.5000829696655273,0.2501514588911255,0.1632277201517431
2017-07,2017,07,0.12478908151388168,0.011804509907960892,107374,174340,0.3474912941455841,0.32734450697898865,0.1254792041650775,0.5962105393409729,0.6989997029304504,0.2503119935924898,0.552974746316942
2017-08,2017,08,0.10772617906332016,0.009738677181303501,85883,175788,0.30727824568748474,0.289928674697876,0.13472870572653733,0.6526892781257629,0.5900813341140747,0.2502474296426534,0.4239860451730071
2017-09,2017,09,0.13891667127609253,0.007549235597252846,77079,180880,0.2358800172805786,0.22136586904525757,0.14425583514915666,0.6412007808685303,0.3986135721206665,0.25048327041087715,0.2872793203191654
2017-10,2017,10,0.1597008854150772,0.005824475083500147,76680,178628,0.21245522797107697,0.20512984693050385,0.1450782820430487,0.5843786597251892,0.39327874779701233,0.25,0.1795868553956959
2017-11,2017,11,0.12701785564422607,0.005563103128224611,60472,164526,0.20058199763298035,0.22360628843307495,0.1641931543316424,0.48738738894462585,0.43784916400909424,0.25,0.16326703017877586
2017-12,2017,12,0.12466070801019669,0.005238896701484919,51483,138557,0.1951654553413391,0.1909855753183365,0.17585301985716636,0.6097315549850464,0.39376822113990784,0.2501019754093584,0.14302387818101747
2018-01,2018,01,0.2019687443971634,0.01062953844666481,59934,135083,0.23261815309524536,0.23617345094680786,0.17156141654013465,0.6604765057563782,0.45241984724998474,0.2500917676110388,0.47961060568828595
2018-02,2018,02,0.2989285886287689,0.012873421423137188,62765,133110,0.2406509816646576,0.23686082661151886,0.16585101757804538,0.6169737577438354,0.38977527618408203,0.25001194933482035,0.6197166011637658
2018-03,2018,03,0.10470534861087799,0.00992809422314167,65902,149374,0.26056957244873047,0.2615049481391907,0.16822490918614713,0.5670189261436462,0.4754519760608673,0.2501289793936451,0.43581307157546173
2018-04,2018,04,0.1642276793718338,0.015566334128379822,86781,174777,0.28472450375556946,0.28113797307014465,0.13894333879933296,0.6045886874198914,0.5688223838806152,0.2500662587432733,0.7878596011564533
2018-05,2018,05,0.35754019021987915,0.0177996214479208,81314,176073,0.33836251497268677,0.32604777812957764,0.16107925612280447,0.6892067193984985,0.5981689691543579,0.25003074501315886,0.9273040135290459
2018-06,2018,06,0.33272770047187805,0.011808319948613644,88403,175360,0.37066179513931274,0.3059447407722473,0.13549430243633154,0.645540177822113,0.6473835706710815,0.2500706989581801,0.5532126417616032
2018-07,2018,07,0.27574998140335083,0.015223631635308266,97080,171927,0.4109041392803192,0.3854018449783325,0.1270708913353148,0.660892128944397,0.8277588486671448,0.2500103007828595,0.7664615717372885
2018-08,2018,08,0.4440000057220459,0.01527294423431158,93603,172473,0.36602160334587097,0.32930660247802734,0.1240398159921351,0.6470288634300232,0.6805791258811951,0.25003472110936614,0.7695406052008358
2018-09,2018,09,0.31053122878074646,0.015567083843052387,76683,178603,0.28414592146873474,0.2507534325122833,0.14051907803297423,0.6322049498558044,0.44943058490753174,0.2502249520754274,0.7879064126531418
2018-10,2018,10,0.33209824562072754,0.008888754062354565,84344,178914,0.23932470381259918,0.22165916860103607,0.1480886060821344,0.47666481137275696,0.4668319821357727,0.25029640519776153,0.37091762498062664
2018-11,2018,11,0.15577678382396698,0.005250520072877407,65652,160908,0.18528008460998535,0.19649097323417664,0.1513152617936677,0.4806760847568512,0.3867509961128235,0.2501675501127155,0.1437496308324708
2018-12,2018,12,0.1036607101559639,0.005444344598799944,56007,131980,0.18730096518993378,0.19161617755889893,0.15760120084044646,0.5732672810554504,0.3522365093231201,0.250183012837681,0.15585185649961858
2019-01,2019,01,0.16141963005065918,0.016238175332546234,61561,129501,0.2625463008880615,0.28217023611068726,0.1589497605053693,0.6100529432296753,0.5072875022888184,0.2500609151898117,0.8298087498857516
2019-02,2019,02,0.33524850010871887,0.008949539624154568,71774,132423,0.22894014418125153,0.22848868370056152,0.16382234437706839,0.6601006984710693,0.39412057399749756,0.2503274166132583,0.3747130197208258
2019-03,2019,03,0.4046577513217926,0.011159108020365238,80485,152392,0.24711762368679047,0.25680145621299744,0.1441326890035157,0.7208279371261597,0.5159826278686523,0.25002174318195935,0.5126764442702372
2019-04,2019,04,0.37796875834465027,0.01790761947631836,76021,167367,0.24927853047847748,0.28741422295570374,0.1562825056552324,0.648923397064209,0.49991488456726074,0.25006248273503373,0.9340473113911373
2019-05,2019,05,0.31871870160102844,0.014269467443227768,72161,174289,0.2469455599784851,0.2529008388519287,0.17382152512075583,0.6140279173851013,0.43493741750717163,0.2500658250301409,0.7068844345246069
2019-06,2019,06,0.2897856831550598,0.008457645773887634,86749,174101,0.2827969193458557,0.23515553772449493,0.13404291150260855,0.6740804314613342,0.45999401807785034,0.2501239207368385,0.3439996187625189
2019-07,2019,07,0.33466067910194397,0.012286985293030739,107446,172767,0.3476174473762512,0.3155669569969177,0.12849524690905573,0.6174696087837219,0.6358959078788757,0.2500139605010889,0.5831000669448015
2019-08,2019,08,0.4159821569919586,0.01195658091455698,100442,172666,0.3083057999610901,0.2873932719230652,0.12591954722515075,0.6462597250938416,0.547473669052124,0.2500647139642779,0.5624699205241097
2019-09,2019,09,0.3704017698764801,0.011039101518690586,91074,175195,0.2668829560279846,0.24236254394054413,0.1343598244842649,0.6129478216171265,0.4254186153411865,0.25006039045172057,0.5051833483481452
2019-10,2019,10,0.30918750166893005,0.009165012277662754,78564,178360,0.2076798677444458,0.19295474886894226,0.1578351889764242,0.542852520942688,0.3713367283344269,0.25026729799908354,0.38816693462371793
2019-11,2019,11,0.11587946861982346,0.008717253804206848,56906,164438,0.19051846861839294,0.2270457148551941,0.18106979677163826,0.551474392414093,0.4492361843585968,0.25006150493796786,0.36020930612263413
2019-12,2019,12,0.14710268378257751,0.0069853560999035835,66542,139857,0.17868024110794067,0.18682023882865906,0.14796510175467548,0.5879760384559631,0.340567409992218,0.2500525983589312,0.2520712015657835
2020-01,2020,01,0.16736160218715668,0.006450466811656952,67901,129534,0.17963926494121552,0.1653624176979065,0.16010622361875756,0.7042030692100525,0.28957536816596985,0.2500257728163061,0.2186732048855909
2020-02,2020,02,0.3666394054889679,0.0068998634815216064,71073,140947,0.21078380942344666,0.21135644614696503,0.14682533021973437,0.6447330117225647,0.3682439625263214,0.25003869261182166,0.24673312086825847
2020-03,2020,03,0.35810714960098267,0.014105472713708878,77034,163909,0.25244271755218506,0.27088120579719543,0.16345715375716877,0.635773777961731,0.4967753291130066,0.2500194719214892,0.6966447539918468
2020-04,2020,04,0.3164198696613312,0.009457128122448921,90946,171393,0.25115060806274414,0.27521368861198425,0.13246788951954896,0.6412088871002197,0.4864994287490845,0.2501044575902184,0.4064063801104289
2020-05,2020,05,0.41788366436958313,0.010727605782449245,84842,174083,0.24536947906017303,0.22961017489433289,0.15487831007314418,0.6439133286476135,0.40594014525413513,0.25000589330755996,0.4857338402097702
2020-06,2020,06,0.431184321641922,0.008053570054471493,89541,174453,0.27236858010292053,0.24725811183452606,0.14464172182428264,0.6711899638175964,0.4972645342350006,0.25005304832423136,0.3187695013678625
2020-07,2020,07,0.3714330494403839,0.010065233334898949,98427,171500,0.2990153729915619,0.27831533551216125,0.1303945929285714,0.6532271504402161,0.5244767665863037,0.25002285958121245,0.4443759119610076
2020-08,2020,08,0.3986026644706726,0.010729890316724777,102417,165465,0.2817476987838745,0.2689509987831116,0.13005098219948674,0.6498551368713379,0.5303956866264343,0.25001708700703984,0.48587648443508286
2020-09,2020,09,0.29142412543296814,0.012568468227982521,74574,176988,0.25053414702415466,0.24015821516513824,0.14573929728043575,0.6608624458312988,0.40108174085617065,0.2505699037197951,0.6006756032915228
2020-10,2020,10,0.25090062618255615,0.014892283827066422,51806,177951,0.1927650272846222,0.18372197449207306,0.18582396845511479,0.49624311923980713,0.32113778591156006,0.2500096513917307,0.745772518426975
2020-11,2020,11,0.10784414410591125,0.0061791823245584965,71515,165054,0.20007291436195374,0.22020822763442993,0.1487785129262534,0.5174234509468079,0.4159010350704193,0.2501153604138992,0.20173445027115122
2020-12,2020,12,0.10109375417232513,0.005952243693172932,51052,130545,0.18434731662273407,0.20174963772296906,0.1719962684789731,0.5665095448493958,0.3465002775192261,0.25025464232547207,0.187564610223564
2021-01,2021,01,0.1509285718202591,0.005168885458260775,50200,131611,0.20775514841079712,0.21876949071884155,0.16221689748047693,0.5489895939826965,0.39080068469047546,0.2500398406374502,0.1386524403523766
2021-02,2021,02,0.22087053954601288,0.0046708835288882256,67321,138573,0.2142203152179718,0.21589495241641998,0.15819793903120544,0.533653736114502,0.36314910650253296,0.25007055747835,0.10755765653564599
2021-03,2021,03,0.31064730882644653,0.01623450219631195,71627,150461,0.2922161817550659,0.30063262581825256,0.15632317058516396,0.663769543170929,0.5621429681777954,0.2500593351669063,0.8295794026274421
2021-04,2021,04,0.23192857205867767,0.016598571091890335,66014,171500,0.27395790815353394,0.25026756525039673,0.18255300731351978,0.5862672328948975,0.41852474212646484,0.25020450207531736,0.8523115306267633
2021-05,2021,05,0.24481697380542755,0.0141005152836442,82138,175212,0.2640763819217682,0.2391057014465332,0.14924355213716248,0.6523676514625549,0.41611647605895996,0.2501278336458156,0.6963352166044274
2021-06,2021,06,0.24214284121990204,0.012706448324024677,81098,171561,0.329746276140213,0.28704166412353516,0.14308526086674045,0.6925345063209534,0.6082772016525269,0.250018496140472,0.6092909539646583
2021-07,2021,07,0.5164195895195007,0.013499257154762745,104837,171299,0.36367541551589966,0.34458911418914795,0.1321115414110049,0.6848973035812378,0.6288872361183167,0.2501120787508227,0.658793210373294
2021-08,2021,08,0.3019464313983917,0.01374844927340746,89865,175552,0.33884263038635254,0.3224541246891022,0.13064766067759281,0.6627763509750366,0.5395768880844116,0.2501196238802648,0.6743525377595416
2021-09,2021,09,0.35716962814331055,0.012209441512823105,88308,174730,0.27841028571128845,0.24218037724494934,0.13417906402632956,0.6109548807144165,0.4562857449054718,0.2501245640259093,0.578258304414029
2021-10,2021,10,0.32167860865592957,0.01459443662315607,68482,178410,0.21847279369831085,0.20150353014469147,0.15890364129364307,0.5536879301071167,0.36232471466064453,0.2501387225840367,0.7271752121320396
2021-11,2021,11,0.2417232096195221,0.007119373418390751,65803,169058,0.2157803773880005,0.22204184532165527,0.15031937308318372,0.5354387760162354,0.42459747195243835,0.2500797835964926,0.2604391200421373
2021-12,2021,12,0.26158034801483154,0.0051924134604632854,60422,141290,0.2171143740415573,0.2260824292898178,0.15796614139383433,0.5767982602119446,0.41387611627578735,0.2500910264473205,0.14012150723540737
2022-01,2022,01,0.18864287436008453,0.006265008356422186,62363,130532,0.20699234306812286,0.20022138953208923,0.16020707661853792,0.6957122087478638,0.37856748700141907,0.2500040087872617,0.20709334900074391
2022-02,2022,02,0.268169641494751,0.006595447659492493,61030,139026,0.23953652381896973,0.2261095494031906,0.1518527994882708,0.6279212832450867,0.3726481795310974,0.25020481730296573,0.22772567608121946
2022-03,2022,03,0.4303615987300873,0.01861947402358055,68610,150082,0.32997816801071167,0.3189605176448822,0.15217161104520713,0.661597490310669,0.562005877494812,0.25002186270223,0.9784948565722636
2022-04,2022,04,0.47482138872146606,0.015771035104990005,68781,171109,0.3360360860824585,0.38630735874176025,0.1715689048356512,0.592086136341095,0.6360523700714111,0.2501708320611797,0.8006409424311487
2022-05,2022,05,0.5692991018295288,0.01689027063548565,88225,176404,0.40474599599838257,0.3278091549873352,0.14957396110267507,0.6492202281951904,0.647420346736908,0.25017852082742986,0.8705249826488536
2022-06,2022,06,0.5557143092155457,0.01059084665030241,92069,175642,0.3594885468482971,0.3152621388435364,0.1364109133578823,0.638861894607544,0.5850136876106262,0.25004073032182383,0.4771947254026701
2022-07,2022,07,0.6319955587387085,0.01465142983943224,114603,170122,0.35719016194343567,0.3245275020599365,0.134861737518205,0.6626682281494141,0.6682713031768799,0.2500370845440346,0.7307338162952012
2022-08,2022,08,0.4621472954750061,0.014087448827922344,84627,171022,0.34301504492759705,0.3235454857349396,0.14070211981397734,0.6668723225593567,0.5983746647834778,0.2503101846928285,0.6955193590907148
2022-09,2022,09,0.32657143473625183,0.012644357047975063,82391,176216,0.2745751142501831,0.2361551970243454,0.13365789220262353,0.6175624132156372,0.42793309688568115,0.25003944605600126,0.6054140316240154
2022-10,2022,10,0.3058169186115265,0.008275010623037815,65326,177297,0.2164328247308731,0.19244715571403503,0.1474684392297347,0.5121929049491882,0.3684048354625702,0.250007653920338,0.33259604741457993
2022-11,2022,11,0.18251338601112366,0.006339914631098509,72557,154803,0.20612011849880219,0.20924901962280273,0.15712544652449087,0.5192784070968628,0.4246196746826172,0.25001033670080075,0.2117704281046573
2022-12,2022,12,0.24487946927547455,0.009245585650205612,50912,138919,0.20748215913772583,0.23583903908729553,0.16502019759794886,0.5485392808914185,0.3951442539691925,0.2502946260213702,0.39319786212185376
2023-01,2023,01,0.23556694388389587,0.008691975846886635,53272,136505,0.21692778170108795,0.23794527351856232,0.16109894573520744,0.5858029723167419,0.4093494713306427,0.2501501726986034,0.358630973646712
2023-02,2023,02,0.5266964435577393,0.013584787026047707,69517,132945,0.23638278245925903,0.2608913481235504,0.15740618725051828,0.612359881401062,0.4121153950691223,0.25009709855143347,0.6641336171079215
2023-03,2023,03,0.41194942593574524,0.009891845285892487,73921,162739,0.2351917326450348,0.24068444967269897,0.14633070857441516,0.5847151279449463,0.4113070070743561,0.25002367392216013,0.4335497211728443
2023-04,2023,04,0.531125009059906,0.009927638806402683,69730,168928,0.2547188997268677,0.2779170572757721,0.17596511155756026,0.5194317102432251,0.4556367099285126,0.25003585257421485,0.43578463577188326
2023-05,2023,05,0.53515625,0.017319010570645332,84830,173355,0.28029927611351013,0.28171247243881226,0.1632085971750672,0.631033182144165,0.47328490018844604,0.2501237769656961,0.897295111058168
2023-06,2023,06,0.5938615798950195,0.01579231768846512,105929,175800,0.3084748685359955,0.2731982171535492,0.1376867367414225,0.6169583201408386,0.5086997151374817,0.2500448413560026,0.8019698074278244
2023-07,2023,07,0.6848168969154358,0.014301944524049759,110271,171604,0.35216227173805237,0.3167295753955841,0.12604606253249137,0.6084170341491699,0.6217085719108582,0.2500022671418596,0.7089122736705931
2023-08,2023,08,0.5757499933242798,0.015397181734442711,93789,175193,0.31674662232398987,0.29169249534606934,0.12959204243820507,0.6753323674201965,0.5160508751869202,0.25005064559809786,0.7772978807868478
2023-09,2023,09,0.5895401835441589,0.015645816922187805,82704,177792,0.2870819866657257,0.25566989183425903,0.14103795132325014,0.6839290261268616,0.45835816860198975,0.250314374153608,0.7928224339184126
2023-10,2023,10,0.40100446343421936,0.004568279255181551,81411,177853,0.23935922980308533,0.2365635186433792,0.14541090644027033,0.5821836590766907,0.46333491802215576,0.2501136210094459,0.10115113977053732
2023-11,2023,11,0.2934419512748718,0.004232095088809729,72511,171008,0.22511835396289825,0.2408449798822403,0.14890918777983073,0.5443763732910156,0.5415690541267395,0.25007240280784987,0.08016010869338776
2023-12,2023,12,0.23838840425014496,0.0031224300619214773,60861,141993,0.1967121660709381,0.19892042875289917,0.15798147473687849,0.5410659909248352,0.3998023271560669,0.2501109084635481,0.010873641945054904
2024-01,2024,01,0.2390669733285904,0.006408289540559053,65070,133883,0.19690437614917755,0.1829984188079834,0.15894586733385707,0.6505045294761658,0.3439317047595978,0.2500845243583833,0.21603969475356952
2024-02,2024,02,0.19738391041755676,0.008218406699597836,74691,137003,0.2137758880853653,0.210212841629982,0.1650775452538719,0.5913813710212708,0.37614309787750244,0.25005690109919537,0.32906175033913987
2024-03,2024,03,0.4984062612056732,0.010161121375858784,69858,153612,0.2357243001461029,0.24324223399162292,0.1513299219695649,0.6162322759628296,0.42704617977142334,0.25009304589309744,0.45036307331199377
2024-04,2024,04,0.5122901797294617,0.012986022047698498,89980,173178,0.2543505132198334,0.2548534870147705,0.15591194625355662,0.5545828342437744,0.4435962736606598,0.25015559013114025,0.6267472809098747
2024-05,2024,05,0.7007321715354919,0.011352142319083214,79526,174110,0.2585708796977997,0.24397529661655426,0.1501870434975115,0.6694082021713257,0.4617728292942047,0.2501446067952619,0.5247293288753475
2024-06,2024,06,0.6697812676429749,0.012534337118268013,102754,176038,0.295228511095047,0.260041743516922,0.1259069298683738,0.6184452176094055,0.47164231538772583,0.2502092375965899,0.5985444880981843
2024-07,2024,07,0.7784286141395569,0.014427248388528824,107258,165742,0.3638003170490265,0.3382488191127777,0.12997823059148236,0.6752275824546814,0.6664764285087585,0.2500606015402115,0.716736132068665
2024-08,2024,08,0.7406786680221558,0.015007969923317432,100015,168209,0.33103030920028687,0.32070332765579224,0.13432266753910665,0.6457920670509338,0.5924093127250671,0.25009248612708096,0.752995852196101
2024-09,2024,09,0.7411741614341736,0.013854727149009705,78831,176643,0.2667737901210785,0.2450946569442749,0.14595812854634654,0.6547712087631226,0.4477439224720001,0.2501934518146414,0.6809884308584235
2024-10,2024,10,0.5550803542137146,0.009483269415795803,83748,176914,0.21760869026184082,0.20544128119945526,0.14808586120754802,0.646009624004364,0.40297603607177734,0.25,0.4080386184962022
2024-11,2024,11,0.3602008819580078,0.007819073274731636,69032,161337,0.2157297283411026,0.22474908828735352,0.16128976095172218,0.531603217124939,0.4746693968772888,0.25007243017730907,0.30412773746763555
2024-12,2024,12,0.2554687559604645,0.007085195742547512,55907,134170,0.21481871604919434,0.21113617718219757,0.15874362652971627,0.6048228740692139,0.42207175493240356,0.2500044717119502,0.2583050973024206
2025-01,2025,01,0.30933478474617004,0.006128053646534681,57712,134639,0.18813683092594147,0.19198741018772125,0.150737012098543,0.5961721539497375,0.38740459084510803,0.25003465483781534,0.19854202249885555
2025-02,2025,02,0.32926782965660095,0.007424498442560434,57135,134066,0.22565828263759613,0.22782768309116364,0.15234757676484825,0.6018875241279602,0.3968048095703125,0.25000437560164523,0.2794908467605158
2025-03,2025,03,0.25602230429649353,0.005827357526868582,68934,162960,0.2017545998096466,0.20046216249465942,0.13682907126134,0.5915583372116089,0.3851315975189209,0.2502248527577103,0.17976683251650422
2025-04,2025,04,0.5169553160667419,0.007541666738688946,73482,173894,0.23960807919502258,0.24954625964164734,0.13391371921669787,0.5933105945587158,0.4914429485797882,0.25002041316240714,0.2868067277308588
2025-05,2025,05,0.6501874923706055,0.008077493868768215,74739,177107,0.27300548553466797,0.2648053467273712,0.13590161743361304,0.5913822054862976,0.49183210730552673,0.25023080319511903,0.3202632823951076
2025-06,2025,06,0.5647321343421936,0.008620177395641804,75083,177800,0.3134646415710449,0.29211318492889404,0.1369735896974413,0.5914320349693298,0.4963648319244385,0.2502697015303065,0.3541479441880772
2025-07,2025,07,0.6283214688301086,0.009692174382507801,71462,171039,0.36861249804496765,0.32560330629348755,0.13586849894093594,0.5903692841529846,0.6114800572395325,0.25000699672553245,0.42108245305791814
2025-08,2025,08,0.5410357117652893,0.00924462080001831,72392,172872,0.33270546793937683,0.3121836483478546,0.13653349683085073,0.5895966291427612,0.588107168674469,0.2501795778539065,0.39313761776089823
2025-09,2025,09,0.4522812068462372,0.007344934158027172,75282,178096,0.27084851264953613,0.24251507222652435,0.1376411285668054,0.5919701457023621,0.44842466711997986,0.25015275895964506,0.2745229257923947
2025-10,2025,10,0.40871426463127136,0.0069572050124406815,73762,176261,0.22999079525470734,0.22353243827819824,0.13989925133781042,0.584956169128418,0.4285207986831665,0.25000677855806513,0.2503134734783287
2025-11,2025,11,0.2979821562767029,0.007850649766623974,63865,161042,0.21670788526535034,0.23595668375492096,0.15233627125902457,0.5914826393127441,0.4076111316680908,0.25002740155014486,0.30609934466666805
2025-12,2025,12,0.258040189743042,0.007936859503388405,52790,129010,0.2207874208688736,0.2210366576910019,0.16006326400859536,0.6092840433120728,0.3968436121940613,0.2501420723621898,0.3114822015784168
